confidenceScore,name,negativeScore,num,positiveScore,sentimentScore
0.5802601000000001,上海机场,0.3666916,600009,0.63330851,4
0.5608545703000001,东风汽车,0.4911101605000001,600006,0.49888983890000005,-2
0.5619214862000002,浦发银行,0.45162690800000005,600000,0.5283731164000002,9
0.6066957279999999,武钢股份,0.4395001535,600005,0.4904998751000001,6
0.7175814400000001,包钢股份,0.29482694560000006,600010,0.6851730420000002,46
0.5267596400000001,宝钢股份,0.5653078060000001,600019,0.43469216,-4
0.5169718054999999,上海电力,0.49378725310000016,600021,0.48621277129999996,-9
